{
  "test_mse_t30": 0.015769924968481064,
  "test_mae_t30": 0.09861893951892853,
  "test_rmse_t30": 0.12557836186414068,
  "test_r2_t30": 0.5187692977768645,
  "test_mse_t60": 0.01690705120563507,
  "test_mae_t60": 0.1021706834435463,
  "test_rmse_t60": 0.13002711719343418,
  "test_r2_t60": 0.46072447285119666
}